{
    "appenders": {
        "ConsoleLogAppender": {
            "type": "console"
        },
        "SystemLogAppender": {
            "type": "file",
            "filename": "./log/system.log",
            "maxLogSize": 5000000,
            "backups": 3
        },
        "HttpLogAppender": {
            "type": "dateFile",
            "filename": "./log/http.log",
            "pattern": ".yyyy-MM-dd",
            "daysToKeep": 7
        },
        "AccessLogAppender": {
            "type": "dateFile",
            "filename": "./log/access.log",
            "pattern": ".yyyy-MM-dd",
            "daysToKeep": 7
        }
    },
    "categories": {
        "default": {
            "appenders": ["ConsoleLogAppender"],
            "level": "all"
        },
        "system": {
            "appenders": ["SystemLogAppender"],
            "level": "info"
        },
        "http": {
            "appenders": ["HttpLogAppender"],
            "level": "info"
        },
        "access": {
            "appenders": ["AccessLogAppender"],
            "level": "info"
        }
    }
}
